{"stats":{"minecraft:used":{"minecraft:dirt":2},"minecraft:crafted":{"minecraft:crafting_table":1,"minecraft:spruce_planks":4},"minecraft:mined":{"minecraft:short_grass":4,"minecraft:spruce_log":1,"minecraft:grass_block":1,"minecraft:dirt":1},"minecraft:picked_up":{"minecraft:spruce_log":1,"minecraft:dirt":2},"minecraft:custom":{"minecraft:jump":54,"minecraft:time_since_rest":2875,"minecraft:leave_game":1,"minecraft:damage_dealt":70,"minecraft:sprint_one_cm":8010,"minecraft:play_time":2875,"minecraft:damage_taken":80,"minecraft:time_since_death":2875,"minecraft:walk_one_cm":4597,"minecraft:total_world_time":2875,"minecraft:fall_one_cm":2593,"minecraft:fly_one_cm":15060}},"DataVersion":3953}