{"stats":{"minecraft:crafted":{"minecraft:crafting_table":1,"minecraft:spruce_planks":24,"minecraft:stick":8,"minecraft:wooden_pickaxe":1,"minecraft:stone_pickaxe":1,"minecraft:furnace":1,"minecraft:spruce_boat":1,"minecraft:stone_axe":1},"minecraft:used":{"minecraft:stone_pickaxe":23,"minecraft:wooden_pickaxe":6,"minecraft:spruce_sapling":1,"minecraft:stone_axe":2,"minecraft:crafting_table":1,"minecraft:furnace":1},"minecraft:picked_up":{"minecraft:crafting_table":1,"minecraft:wooden_pickaxe":1,"minecraft:porkchop":2,"minecraft:spruce_sapling":1,"minecraft:spruce_log":6,"minecraft:cornflower":2,"minecraft:dirt":9,"minecraft:wheat_seeds":4,"minecraft:cobblestone":28,"minecraft:furnace":1},"minecraft:custom":{"minecraft:time_since_rest":5833,"minecraft:sprint_one_cm":25726,"minecraft:damage_taken":20,"minecraft:walk_one_cm":10753,"minecraft:mob_kills":1,"minecraft:drop":4,"minecraft:damage_dealt":100,"minecraft:swim_one_cm":15318,"minecraft:interact_with_crafting_table":3,"minecraft:fly_one_cm":21469,"minecraft:crouch_one_cm":949,"minecraft:play_time":5833,"minecraft:sneak_time":724,"minecraft:walk_under_water_one_cm":825,"minecraft:jump":105,"minecraft:walk_on_water_one_cm":897,"minecraft:time_since_death":5833,"minecraft:total_world_time":5833,"minecraft:fall_one_cm":2134},"minecraft:killed":{"minecraft:pig":1},"minecraft:dropped":{"minecraft:wheat_seeds":3,"minecraft:wooden_pickaxe":1},"minecraft:mined":{"minecraft:furnace":1,"minecraft:fire":1,"minecraft:spruce_log":6,"minecraft:crafting_table":1,"minecraft:cornflower":2,"minecraft:short_grass":7,"minecraft:grass_block":3,"minecraft:dirt":6,"minecraft:tall_grass":3,"minecraft:spruce_leaves":1,"minecraft:stone":28}},"DataVersion":3953}