{"stats":{"minecraft:crafted":{"minecraft:spruce_planks":24,"minecraft:stick":4,"minecraft:wooden_pickaxe":1},"minecraft:used":{"minecraft:sweet_berries":5,"minecraft:wooden_pickaxe":29},"minecraft:picked_up":{"minecraft:sweet_berries":30,"minecraft:wheat_seeds":1,"minecraft:spruce_log":6,"minecraft:cobblestone":17},"minecraft:custom":{"minecraft:time_since_rest":5171,"minecraft:crouch_one_cm":2333,"minecraft:play_time":5171,"minecraft:sprint_one_cm":8492,"minecraft:damage_taken":20,"minecraft:walk_one_cm":14136,"minecraft:sneak_time":636,"minecraft:walk_under_water_one_cm":1481,"minecraft:drop":1,"minecraft:jump":63,"minecraft:time_since_death":5171,"minecraft:walk_on_water_one_cm":2098,"minecraft:total_world_time":5171,"minecraft:swim_one_cm":17057,"minecraft:interact_with_crafting_table":1,"minecraft:fall_one_cm":687,"minecraft:fly_one_cm":11840},"minecraft:mined":{"minecraft:sweet_berry_bush":6,"minecraft:spruce_leaves":4,"minecraft:spruce_log":6,"minecraft:stone":21},"minecraft:dropped":{"minecraft:wheat_seeds":1}},"DataVersion":3953}